bpm,ibi,sdnn,sdsd,rmssd,pnn20,pnn50,hr_mad,sd1,sd2,s,sd1/sd2,breathingrate,segment_indices,time,ECG,EMG,GSR1,GSR2,HR,marker,RESP,stress
77.62666666666667,772.9302645139128,183.00543595832642,156.47819446190675,246.32938874053852,0.66,0.66,243.90243902439025,174.14702466218384,173.87353093289383,95126.03721641359,1.0015729463123146,0.2735778511371719,"(0, 491)",15.774195918367345,-0.012918367346938778,0.28499387755102035,5.40598367346939,8.500638775510206,76.41428571428571,12.49730612244893,22.751346938775512,1
80.99076923076923,740.8251652609986,199.86606078671508,157.39576773127183,280.8143799089408,0.7674418604651163,0.7674418604651163,243.90243902439025,198.52524106636415,189.40224454979014,118127.42201807338,1.0481673094120894,0.07576427209475586,"(491, 983)",47.38709795918368,-0.004402040816326531,0.6477204081632639,5.308557142857142,7.559344897959182,71.06122448979592,12.536265306122475,20.968469387755093,1
88.5944055944056,677.2436656405398,200.87435529669426,146.28126317547628,222.3830295916843,0.6144578313253012,0.6144578313253012,243.90243902439025,156.90495532427263,211.27169518681976,104142.46410000249,0.7426690791945764,0.11480891491224295,"(983, 1475)",79.0,-0.005091836734693881,0.22219183673469373,4.2786836734693905,5.275022448979593,65.9734693877551,12.17885714285719,20.113428571428578,1
73.03124999999999,821.5661103979463,117.65277779090736,114.97671238805654,199.1455075433479,0.6666666666666666,0.6666666666666666,0.0,135.50135501355018,81.30081300813008,34608.94808634404,1.6666666666666674,0.5129191511188049,"(1475, 1967)",110.61290204081635,0.005026530612244887,0.21361836734693848,3.634967346938773,4.393271428571427,62.251020408163264,12.184775510204071,20.143224489795912,1
80.56768558951964,744.7154471544717,173.12301338804772,134.94566789093514,248.2974311160873,0.7636363636363637,0.7636363636363637,243.90243902439025,175.32059778954144,169.27126105536425,93232.22420958916,1.0357375297877565,0.2329707352914822,"(1967, 2459)",142.1935460122699,-0.0028200408997955018,0.21219836400817974,3.2615480572597164,3.9302229038854817,61.33946830265849,12.185521472392663,20.323456032719843,1
82.8118811881188,724.5337159253946,196.0638503402647,129.46281538680577,240.98134635594,0.7619047619047619,0.7619047619047619,243.90243902439025,170.35005974300384,198.50946149985145,106236.40701667039,0.858145795449308,0.14221861032100774,"(2459, 2951)",173.80645398772998,-0.0027648261758691267,0.21639059304703465,3.027200408997956,3.656971370143148,64.79141104294479,12.179591002045019,20.0739672801636,1
81.36186770428013,737.4461979913921,190.68290072695729,138.83407725157653,247.7436586260342,0.7460317460317459,0.7460317460317459,243.90243902439025,175.15983005596004,185.1435880947479,101880.96830866867,0.9460755938591908,0.255497181546716,"(2951, 3443)",205.3870979591837,-0.005899999999999997,0.21216122448979566,2.862475510204085,3.4739163265306114,67.89795918367346,12.175693877551053,20.36779591836732,1
78.40637450199202,765.2439024390245,187.9147208077437,156.9653217586002,279.8685280985124,0.7666666666666667,0.7666666666666667,243.90243902439025,197.87605775401215,170.99766354718057,106300.00831430695,1.1571857395549472,0.2452422993917991,"(3443, 3935)",237.00000000000009,0.0006142857142857147,0.2131122448979591,2.74721224489796,3.33310408163266,61.810204081632655,12.169918367346993,20.281551020408155,1
78.31836734693876,766.1038148843028,194.19871863945264,117.65398487604556,256.00403812138967,0.8474576271186439,0.8474576271186439,243.90243902439025,180.8096546393472,202.05621182058601,114774.04712438158,0.8948482850895745,0.1507487186358916,"(3935, 4427)",268.6129020408161,-0.0001877551020408165,0.19902653061224468,2.6592510204081665,3.2277387755102085,63.98979591836735,12.162387755101962,19.357693877551007,1
78.27272727272727,766.5505226480836,173.0506901945568,150.95483437095243,249.925628438039,0.7,0.7,243.90243902439025,176.51359544061137,170.99766354718057,94823.98667074088,1.0322573524047531,0.0621774544550146,"(4427, 4919)",300.19354601227,-0.006977505112474446,0.20519836400817976,2.611128834355832,3.1451840490797536,60.672801635991824,12.150817995909946,19.77952965235172,1
79.8974358974359,750.9627727856225,188.7733141187772,142.43706894194352,255.14802164066484,0.7547169811320755,0.7547169811320755,243.90243902439025,179.94675375993697,172.12705208711498,97306.7617493346,1.0454298239469315,0.2279901788846019,"(4919, 5411)",331.80645398773,0.0010347648261758672,0.21268302658486696,2.554948875255625,3.071419222903889,62.8159509202454,12.14942740286295,19.220245398773013,1
79.38297872340424,755.8295363173413,191.520451192172,151.30840640642367,261.99324659979254,0.7384615384615385,0.7384615384615385,243.90243902439025,182.01775363054267,185.08611564935876,105836.98609740088,0.9834219762619634,0.16007683688170324,"(5411, 5903)",363.3870979591837,-0.005336734693877558,0.2089897959183668,2.5086224489795943,3.0099265306122533,62.81632653061224,12.146326530612262,19.064285714285727,1
71.531914893617,838.7864366448545,121.04098720628086,90.89707225608903,222.65144614031155,0.8333333333333334,0.8333333333333334,0.0,154.79213629804698,64.27393618228413,31256.019124066832,2.40831891575846,0.5238192241655268,"(5903, 6395)",395.00000000000017,-0.003355102040816329,0.2259285714285713,2.4764816326530683,2.957734693877544,63.61428571428571,12.13487755102037,19.26463265306122,1
78.87022900763357,760.7433217189316,197.01736880008565,170.94254185980034,279.42534725340494,0.703125,0.703125,243.90243902439025,197.58355787828842,180.04591175331888,111759.36836947867,1.0974065223374687,0.4542321909654784,"(6395, 6887)",426.6129020408163,0.0024775510204081627,0.8293591836734698,2.543059183673476,2.922526530612241,72.70612244897958,12.120081632652973,22.262897959183665,1
80.34677419354837,746.7630231857877,207.61594912301362,173.13728048778862,286.6193421429284,0.7142857142857143,0.7142857142857143,243.90243902439025,202.65199114676582,202.50401596007782,128924.1831019698,1.0007307271709474,0.2647647730469461,"(6887, 7379)",458.1935460122701,-0.006985685071574634,0.3605214723926387,2.9759447852760763,2.9280674846625883,76.70756646216769,12.118936605316875,21.64897750511245,1
87.29032258064514,687.3614190687363,196.4528286770438,153.02128541472862,247.41200699324315,0.6811594202898551,0.6811594202898551,243.90243902439025,174.9288516317939,206.74908187896443,113620.03204679815,0.8460925196959337,0.19859658413875286,"(7379, 7871)",489.8064539877299,-0.004975460122699386,0.20817995910020404,2.97694887525561,2.9030245398772907,65.18609406952966,12.112638036809736,20.751104294478537,1
82.0,731.7073170731708,196.81624019168999,141.1999078591128,243.9024390243903,0.7230769230769231,0.7230769230769231,243.90243902439025,171.46205866860583,203.3895719754995,109558.62898493158,0.8430228600375849,0.30223014029841244,"(7871, 8363)",521.3870979591836,-0.0002408163265306144,0.20216326530612205,2.9032469387755078,2.8763000000000005,64.72040816326529,12.108000000000064,20.731326530612247,1
82.3117870722433,728.9356984478936,199.69122702932427,160.3576701620892,265.8878694816754,0.7101449275362319,0.7101449275362319,243.90243902439025,187.94464528891405,194.9925544687212,115132.47961906776,0.9638554959238832,0.2340677860308345,"(8363, 8855)",552.9999999999999,-0.005412244897959183,0.1983387755102038,2.8221102040816293,2.8457775510204266,63.724489795918366,12.101938775510266,20.82312244897958,1
89.79467680608361,668.1910569105693,180.35039150326526,143.9064515882236,230.88479118329963,0.6623376623376623,0.6623376623376623,243.90243902439025,162.0109198928657,180.46777995874714,91853.103881474,0.8977276715538892,0.4525875522816654,"(8855, 9347)",584.6129020408163,0.0016367346938775445,0.20644081632653025,2.749191836734692,2.8187020408163126,63.96326530612246,12.100000000000069,20.92575510204084,1
82.32283464566927,728.8378766140604,199.7097577194297,150.87463903178718,269.43647353121656,0.7627118644067796,0.7627118644067796,243.90243902439025,190.1612236461348,184.8754011988252,110446.2476347332,1.0285912696499029,0.4847231422985572,"(9347, 9839)",616.1935460122701,-0.0014683026584867106,0.20708179959100184,2.689668711656441,2.7964396728016383,66.22494887525562,12.099775051124814,20.92314928425358,1
78.27272727272727,766.5505226480836,178.90429200434514,148.55779421913962,243.9024390243903,0.6896551724137931,0.6896551724137931,243.90243902439025,172.05443688375772,175.81618974236233,95033.0380367258,0.9786040587950574,0.3221922639941666,"(9839, 10331)",647.8064539877299,-0.006899795501022502,0.2083701431492841,2.6466912065439705,2.7785439672801546,62.58691206543967,12.098609406953043,20.898997955010262,1
78.57034220532319,763.6469221835077,179.62471345205049,133.4393181541935,219.4476611810824,0.6666666666666666,0.6666666666666666,243.90243902439025,153.985147513367,187.99551749406098,90944.4498888734,0.8190894632273963,0.1404319061290725,"(10331, 10823)",679.3870979591837,-0.0035775510204081647,0.2071469387755097,2.6073775510204014,2.7566244897959225,61.312244897959175,12.099877551020475,20.567510204081632,1
70.6595744680851,849.1418247515808,121.8675479966761,73.17073170731709,231.38617025622295,0.9,0.9,0.0,139.04578354867544,51.73952057462542,22601.127049436756,2.6874192494328524,0.3928587018202453,"(10823, 11315)",711.0,0.003099999999999996,0.2249734693877546,2.5685061224489885,2.735542857142861,63.730612244897955,12.099714285714354,20.773428571428568,1
83.07894736842105,722.2046246436491,202.12931433061541,150.1105055711007,259.50984224338123,0.7358490566037735,0.7358490566037735,243.90243902439025,183.0389489309834,198.04357838334118,113881.75486603385,0.9242357183462206,0.14400144001440016,"(11315, 11807)",742.6129020408162,-0.008828571428571436,0.2188326530612245,2.5333877551020265,2.7157938775510257,63.63265306122449,12.099469387755173,20.58338775510203,1
83.21933085501858,720.9863307424283,197.75788523931084,157.1100084729706,265.00822785376624,0.7222222222222222,0.7222222222222222,243.90243902439025,187.2512781777264,199.01581328827382,117074.48317923694,0.9408864304993368,0.07628346937218705,"(11807, 12299)",774.1935460122701,-0.0001165644171779132,0.2182617586912068,2.5037280163599145,2.704574642126805,65.32924335378323,12.099897750511316,20.34995910020447,1
84.50381679389311,710.0271002710028,197.96186848509137,163.93993357589682,258.26171780718624,0.6666666666666666,0.6666666666666666,243.90243902439025,181.9443255741489,194.28587476858712,111052.82615364216,0.9364773727933738,0.3289576741125975,"(12299, 12791)",805.8064539877299,0.00010633946830266081,0.2148384458077706,2.4782985685071566,2.6913640081799626,64.67893660531698,12.100000000000069,19.99950920245399,1
80.75757575757575,742.9643527204504,183.67336961381488,124.68589171651504,209.54260804493285,0.6666666666666666,0.6666666666666666,243.90243902439025,145.3541348523093,195.25498755463917,89161.91743795184,0.7444323787715494,0.29017348228905426,"(12791, 13283)",837.3870979591836,-0.007144897959183679,0.21588571428571404,2.446502040816327,2.6729510204081506,65.90408163265306,12.100000000000069,20.078142857142875,1
80.73359073359073,743.1850789096127,194.0641425413018,173.27427972827238,255.61634879527568,0.6065573770491803,0.6065573770491803,243.90243902439025,179.66127100088744,201.15571736273918,113536.81873901332,0.8931452377110847,0.15845098318835069,"(13283, 13775)",869.0,-0.0014061224489795904,0.21960204081632656,2.4168755102040698,2.6568183673469554,63.41020408163265,12.120081632653008,19.995632653061218,1
82.3612334801762,728.4980744544287,187.65152639337254,126.69949284800929,219.69108628219075,0.6981132075471698,0.6981132075471698,243.90243902439025,149.4742914764079,198.95044934392357,93424.61150397752,0.7513141687758306,0.2169511136823836,"(13775, 14267)",900.6129020408162,-0.00753469387755102,0.217081632653061,2.390597959183661,2.643761224489803,66.2734693877551,12.119999999999909,20.057775510204078,1
70.63366336633662,849.4533221194281,121.87869424885992,103.45914707213743,213.28649565736745,0.7647058823529411,0.7647058823529411,0.0,142.030056479364,81.16003227392224,36213.65363775239,1.7500000000000009,0.5687588868576071,"(14267, 14759)",932.1935460122696,0.013120654396728016,0.7368261758691207,2.371190184049082,2.632280163599186,65.13087934560329,13.687198364008156,20.496482617586942,1
78.61157024793387,763.246425567704,213.712209727546,201.39700563399856,347.3621071441478,0.7264150943396226,0.7264150943396226,243.90243902439025,245.35790756155757,174.9718157704083,134870.83016606572,1.4022710256576822,0.4522022248349462,"(14759, 15251)",963.8064539877303,-0.017552147239263852,4.390957055214721,3.8123456032719796,4.426175869120656,93.15746421267893,12.745092024539796,25.751042944785304,1
81.12765957446808,739.5751376868608,200.5908541932646,190.16969989125457,311.88390882488096,0.7027027027027027,0.7027027027027027,243.90243902439025,220.42436490933036,174.04828487189766,120525.57687226454,1.2664552544804806,0.33471585534453896,"(15251, 15743)",995.3870979591836,0.010534693877551049,5.663493877551013,9.652442857142852,11.155424489795921,87.2857142857143,12.714244897959151,22.88944897959184,1
79.89743589743587,750.9627727856227,204.68830191401767,209.96615193978016,325.02798753472837,0.6379310344827587,0.6379310344827587,243.90243902439025,227.4900540766861,177.74183520107704,127028.7272140701,1.2798903185585406,0.4384426517011574,"(15743, 16235)",1026.9999999999998,-0.07046326530612251,3.1465877551020403,10.068163265306119,9.22105510204082,89.14285714285714,12.65242857142859,23.062,1
85.44274809160305,702.2246046636292,200.78607129807602,190.9677776779298,282.1096101058756,0.6081081081081081,0.6081081081081081,243.90243902439025,199.4680032450594,200.33750417951362,125540.93877785838,0.9956598194730673,0.26630324106709274,"(16235, 16727)",1058.6129020408164,0.07651836734693875,9.32815714285715,7.823253061224498,8.251820408163255,87.13265306122447,12.589918367346922,22.416367346938774,1
83.15492957746476,721.5447154471547,196.79793425850696,175.39736078543453,293.13425003772284,0.7222222222222222,0.7222222222222222,243.90243902439025,207.1787703916841,184.35710597975205,119992.7497941452,1.1237905330019586,0.23121387283237,"(16727, 17219)",1090.19354601227,-0.03036400817995905,1.949924335378324,9.403905930470344,11.551051124744367,85.5521472392638,12.584601226993891,23.280245398773,1
82.48664688427299,727.3904597453055,194.64192216871135,188.27270928349643,306.1687387613892,0.696969696969697,0.696969696969697,243.90243902439025,216.46595355002515,164.45744536367226,111838.93204150599,1.316242953132004,0.6210801924130792,"(17219, 17711)",1121.80645398773,-0.017550102249488754,1.9720899795501017,9.151349693251534,11.547793456032712,79.55419222903886,12.648466257668696,23.54464212678936,1
76.87499999999997,780.487804878049,191.0136605604997,194.7609113020927,308.8471661392522,0.6724137931034483,0.6724137931034483,243.90243902439025,218.20565709200352,153.7349571945409,105387.35618559024,1.4193626555337011,0.5642472428827905,"(17711, 18203)",1153.3870979591834,-0.013481632653061234,2.0339918367346943,8.081669387755102,10.238520408163264,84.63061224489796,12.689857142857038,24.53440816326532,1
80.85793871866294,742.042166184374,186.2223954985404,176.10993276598737,283.99391188031154,0.6923076923076923,0.6923076923076923,243.90243902439025,200.47822846138428,159.32802826253257,100348.12689378689,1.2582734541285259,0.3429433686183954,"(18203, 18695)",1185.0,-0.009040816326530615,0.8962061224489802,6.815240816326529,8.369587755102044,77.75510204081633,12.699632653061116,28.2694081632653,1
80.11184210526315,748.9529440748953,199.90601404386103,177.76981317648944,316.4089505525807,0.7682926829268293,0.7682926829268293,243.90243902439025,223.3787430757714,169.15011550402065,118703.63388774256,1.3205946824816786,0.2564898686501883,"(18695, 19187)",1216.6129020408162,-0.003634693877551017,2.4085285714285694,7.09598163265306,9.6664224489796,89.11020408163266,12.706285714285706,26.513795918367357,1
79.4897959183673,754.8138639281133,206.57553468437942,174.5324968508826,328.87798168938644,0.8051948051948052,0.8051948051948052,243.90243902439025,232.5087019765926,178.11740157756802,130105.43384861019,1.305367695223972,0.3070867240825784,"(19187, 19679)",1248.1935460122702,-0.026723926380368097,1.556985685071576,7.179388548057262,9.204210633946833,72.0,12.699693251533668,26.35850715746421,1
81.99999999999997,731.7073170731709,215.40880161775243,183.80298057250053,305.4045438911828,0.7160493827160493,0.7160493827160493,243.90243902439025,215.85913541731742,200.57455565649968,136017.92482727295,1.0762039816605344,0.2462380300957592,"(19679, 20171)",1279.80645398773,-0.011364008179959108,1.7080674846625774,6.897026584867072,8.427376278118606,75.10429447852759,12.708200408998016,26.60922290388545,1
76.98561151079136,779.3664143537986,202.00598300702916,192.55960910721802,299.46041962983344,0.6567164179104478,0.6567164179104478,243.90243902439025,211.7348470217091,198.42329923424307,131988.13085135244,1.0670866165356487,0.5756882426747362,"(20171, 20663)",1311.3870979591834,-0.011134693877551022,1.8474857142857128,6.96184081632653,9.095040816326524,73.46326530612245,12.687326530612182,26.48291836734693,1
82.31538461538463,728.9038407625454,207.53300278465656,181.3603015228417,281.1083495051763,0.6567164179104478,0.6567164179104478,243.90243902439025,198.6235582920094,202.84865985810023,126576.40985903212,0.9791711635213834,0.09470743295502974,"(20663, 21155)",1342.9999999999998,-0.01265102040816327,1.711863265306122,6.902640816326532,8.468469387755091,73.7,12.592448979591847,25.774346938775555,1
80.18354430379749,748.2832109874495,198.93891526979138,175.63782967289916,262.09719155393174,0.6190476190476191,0.6190476190476191,243.90243902439025,185.22831824472385,198.75351972990745,115657.04303489212,0.9319498768949428,0.22077635355384995,"(21155, 21647)",1374.6129020408164,-0.008753061224489794,0.2944510204081634,6.057163265306119,7.16031020408163,75.09795918367347,12.525714285714347,27.65569387755103,1
84.23346303501944,712.3059866962308,205.4552860670371,177.24003214722686,285.083994959294,0.6901408450704225,0.6901408450704225,243.90243902439025,201.57019034257092,200.74888813036046,127124.52031141732,1.0040911918360274,0.2714787607793037,"(21647, 22139)",1406.1935460122702,-0.010783231083844566,1.085852760736198,6.5748752556237235,8.296112474437631,72.26175869120655,12.4962167689161,26.306973415132923,1
82.38679245283015,728.2720714531091,210.70128787627152,192.6895122646933,325.20325203252037,0.7222222222222222,0.7222222222222222,243.90243902439025,229.15358435349273,187.75618510231732,135167.03271946582,1.2204848763230671,0.3678107516890257,"(22139, 22631)",1437.8064539877298,-0.00800613496932515,0.6704212678936601,6.291725971370143,8.133588957055219,79.8241308793456,12.423783231083787,27.362024539877318,1
82.76635514018692,724.9322493224935,203.1390833409885,187.62036187411246,290.45716884812094,0.6545454545454545,0.6545454545454545,243.90243902439025,205.28846118142278,185.14080483501644,119403.36312559707,1.1088234242276325,0.2876649278919914,"(22631, 23123)",1469.3870979591834,-0.0017938775510204087,2.4779836734693883,6.0310632653061305,7.598204081632653,78.13877551020407,12.396755102040865,25.414204081632647,1
80.70355731225297,743.4616514839847,192.6958132325008,172.42547150462983,301.72053033185813,0.7575757575757576,0.7575757575757576,243.90243902439025,213.33262967289883,163.2930605712173,109439.6986428494,1.3064402671285449,0.3244172654868692,"(23123, 23615)",1501.0000000000002,-0.013991836734693895,1.9630163265306133,5.856524489795919,7.910344897959182,77.81836734693876,12.353387755102014,26.11975510204081,1
80.78966789667895,742.6692244450536,203.27615139109557,178.83533244891942,291.9128520169351,0.7027027027027027,0.7027027027027027,243.90243902439025,206.41355717668,197.09843622578845,127811.89369605492,1.047261262591756,0.33315665934731586,"(23615, 24107)",1532.6129020408164,-0.005032653061224485,1.760944897959184,5.673524489795913,7.506742857142859,75.24081632653059,12.286122448979686,27.457346938775498,1
82.0,731.7073170731708,209.36465250706155,183.92706247795658,302.1322951503122,0.7068965517241379,0.7068965517241379,243.90243902439025,213.45347187906611,205.17396089937668,137586.34649463772,1.0403536147735135,0.28799769601843184,"(24107, 24599)",1564.19354601227,-0.007212678936605319,1.4394723926380362,6.035498977505106,8.463124744376284,72.40899795501022,12.211349693251536,25.80535787321063,1
80.90666666666664,741.595253790376,210.03947219979992,176.94542685610043,301.32720396163035,0.7368421052631579,0.7368421052631579,243.90243902439025,212.5327503326939,195.0111915294111,130207.28127014756,1.0898489910546507,0.6019042060336336,"(24599, 25091)",1595.80645398773,-0.00016564417177914042,1.5453537832310835,6.540548057259714,9.345717791411053,76.94478527607363,12.15775051124742,25.871329243353767,1
84.59288537549405,709.2795065881695,204.67297166744027,161.29455168363043,301.72053033185813,0.803030303030303,0.803030303030303,243.90243902439025,212.0484486761977,185.8248054216501,123790.8824875944,1.1411202513843308,0.2757725687403682,"(25091, 25583)",1627.3870979591834,-0.0185326530612245,3.781628571428572,6.395767346938776,8.730061224489804,79.4795918367347,12.126693877551006,27.15355102040816,1
81.08888888888889,739.9287476020828,195.01723074439244,198.22511474957017,322.02911504480517,0.6891891891891891,0.6891891891891891,243.90243902439025,227.60160329402,156.42883948693859,111851.55162944846,1.4549849250337512,0.4407897736772507,"(25583, 26075)",1658.9999999999998,0.006999999999999979,1.1196959183673465,6.411183673469387,8.788697959183676,81.33265306122448,12.072959183673534,29.612428571428538,1
80.46728971962617,745.6445993031358,183.8453792093787,163.1632913365087,281.6342776534761,0.7450980392156863,0.7450980392156863,243.90243902439025,198.68558658862736,167.17894110902472,104351.2860305362,1.188460611549488,0.2684769685114869,"(26075, 26567)",1690.6129020408164,-0.0014265306122449046,1.584846938775512,5.750532653061224,7.182587755102041,77.19591836734693,12.046836734693912,28.44302040816326,1
78.40637450199202,765.2439024390245,206.75587601446315,184.50090598228002,274.50313847372576,0.6166666666666667,0.6166666666666667,243.90243902439025,194.0178790858817,212.8622351477406,129744.88444571574,0.911471586076414,0.1634948662611994,"(26567, 27059)",1722.1935460122702,0.0001676891615541866,2.4478466257668723,6.066198364008175,7.4764089979550095,72.13087934560329,12.029120654396756,27.92985685071571,1
80.50909090909089,745.2574525745259,206.833841767937,179.16456265567766,298.71826131502183,0.72,0.72,243.90243902439025,211.19754293452942,198.1772982026525,131489.97333258163,1.0656999810269017,0.2051932547380988,"(27059, 27551)",1753.80645398773,-0.005809815950920244,2.10982208588957,5.529137014314929,6.741292433537831,70.68507157464212,12.006462167689119,26.505092024539884,1
81.99999999999999,731.7073170731709,209.77396795646197,183.27020480202373,297.7774140605022,0.6981132075471698,0.6981132075471698,243.90243902439025,208.513773754426,191.68583156611626,125566.74438954807,1.0877891811346811,0.2810936416618257,"(27551, 28043)",1785.3870979591834,-0.0014530612244897964,1.637873469387756,6.992359183673465,9.257234693877557,79.52244897959184,12.044122448979593,27.529571428571433,1
80.975,740.9694350108058,191.86474761703425,171.69684619465755,285.13297425610057,0.7166666666666667,0.7166666666666667,243.90243902439025,201.2913561486171,174.93849423861806,110626.80826556636,1.1506407267576766,0.2564935620115935,"(28043, 28535)",1817.0,-0.0066632653061224475,1.8076816326530605,7.392038775510205,9.562640816326528,79.31224489795919,12.034979591836741,26.268489795918345,1
81.67588932806323,734.6109175377469,193.7160720571537,191.7292558829356,296.545736036258,0.6521739130434783,0.6521739130434783,243.90243902439025,209.4510140265189,166.81195071045485,109763.8928119024,1.2556115622080046,0.2919802751103037,"(28535, 29027)",1848.6129020408166,0.0011163265306122546,1.3155959183673478,6.7787591836734675,8.449544897959177,75.21836734693878,11.712693877550993,26.3200612244898,1
83.38983050847456,719.5121951219513,233.20015462217026,204.69542574759376,263.9033077075412,0.4390243902439024,0.4390243902439024,243.90243902439025,184.89316202165443,257.24864140915713,149425.18847325654,0.7187332885757777,0.3478018920422927,"(33947, 34439)",1880.1935460122704,-4.616028629856852,3.396488752556241,6.774161554192228,9.007329243353793,44.1840490797546,11.720531697341483,26.47494887525561,1
86.04484304932734,697.3108192620388,209.31917412357174,192.89057933018867,279.19583974260445,0.5862068965517241,0.5862068965517241,243.90243902439025,197.42127156106815,197.86863508862226,122721.53406725707,0.9977390882220738,0.38649832517392413,"(34439, 34931)",1911.8064539877305,-10.0,2.096691206543968,7.384466257668707,9.908817995910017,0.0,13.334192229038775,30.728548057259736,1
82.29496402877695,729.0847102019409,210.07064667716529,176.21095524089844,322.3451642536425,0.7866666666666666,0.7866666666666666,243.90243902439025,227.64227642276427,183.32927726120855,131109.63819259102,1.2417126158110487,0.2952508894433044,"(34931, 35423)",1943.3870979591834,-10.0,1.2382367346938767,6.400875510204087,7.80591836734694,0.0,12.919265306122465,34.00422448979591,1
84.15789473684208,712.9455909943716,205.27959409130642,191.13014845857117,307.1345069134358,0.6857142857142857,0.6857142857142857,243.90243902439025,216.49101752652334,191.24127526219638,130068.2764552198,1.1320308193391249,0.24686405505068426,"(35423, 35915)",1975.0,-10.0,1.1434183673469385,5.882602040816336,7.184467346938777,0.0,13.029795918367453,35.15616326530614,1
83.22388059701494,720.9469153515065,210.9514483864077,201.99628964077357,320.3851597215538,0.6666666666666666,0.6666666666666666,243.90243902439025,226.14233223408684,203.12540011090675,144309.84933512146,1.1133139041725597,0.3062724599803986,"(35915, 36407)",2006.6129020408166,-10.0,0.8196836734693876,5.9125204081632665,6.730442857142857,0.0,13.121775510204039,34.50467346938774,1
86.55555555555556,693.196405648267,205.7922919368601,194.49410658730872,279.77528520800223,0.5789473684210527,0.5789473684210527,243.90243902439025,197.80786189689724,184.8900102735841,114896.51815965315,1.069867764105797,0.11400775252717185,"(36407, 36899)",2038.19354601227,-10.0,1.023940695296523,5.594985685071573,6.419820040899795,0.0,13.209366053169765,34.61466257668709,1
83.1081081081081,721.9512195121953,196.9024455703493,172.46506858208474,298.71826131502183,0.75,0.75,243.90243902439025,211.135882291652,171.58288853303318,113811.43385428711,1.2305182882557897,0.31427356589577204,"(36899, 37391)",2069.80645398773,-10.0,1.2588057259713692,5.8896339468302665,6.884456032719838,0.0,13.255316973415274,32.90110429447855,1
81.6168224299065,735.1425626932328,206.68648514587883,199.60117128684345,303.7560239401167,0.6326530612244898,0.6326530612244898,243.90243902439025,212.934292047859,183.8345974377241,122976.67008904328,1.158292807859482,0.2876594112570716,"(37391, 37883)",2101.3870979591834,-10.0,0.9565897959183676,5.800934693877548,6.793971428571428,0.0,13.316612244897929,31.04224489795918,1
85.23684210526315,703.9209632602657,205.30447753684842,197.91168587988133,304.56784549638473,0.6440677966101694,0.6440677966101694,243.90243902439025,215.28262201391547,198.94517429542734,134552.6501637008,1.0821203518826126,0.28801324860943606,"(37883, 38375)",2132.9999999999995,-10.0,0.5939000000000009,5.3426673469387715,6.368697959183666,0.0,13.353693877551002,31.97404081632652,1
81.24770642201833,738.4823848238484,207.1664614013639,180.89416797200352,318.3561009341662,0.7592592592592593,0.7592592592592593,243.90243902439025,224.7489666598867,186.775728348106,131876.68296028613,1.203309277108038,0.3765060240963855,"(38375, 38867)",2164.612902040816,-9.814261224489798,0.4796877551020411,5.853095918367348,7.444546938775514,0.979591836734694,13.288367346938722,33.346489795918366,1
84.82758620689654,707.3170731707318,205.83721790523845,172.44796149792012,282.12967694163063,0.7042253521126759,0.7042253521126759,243.90243902439025,198.76985422864215,206.91474196325112,129208.72044183125,0.960636503434562,0.2987703242444256,"(38867, 39359)",2196.1935460122695,-0.08829856850715759,1.4062658486707569,6.321382413087941,7.584928425357873,69.65848670756647,13.264642126789415,34.88006134969325,1
90.5194805194805,662.8407460545195,206.99786280483715,198.72361214351918,279.524627891554,0.5522388059701493,0.5522388059701493,0.0,197.65375989076412,179.37655616679896,111383.44205292263,1.1018929346986102,0.33760372430213753,"(39359, 39851)",2227.8064539877305,-0.011975460122699394,0.89720245398773,6.370584867075664,7.397844580777104,80.42126789366054,13.280224948875242,36.00245398773007,1
88.97872340425532,674.3185078909612,199.66165227305697,189.18792059212777,282.84561347014704,0.6206896551724138,0.6206896551724138,243.90243902439025,199.75629411072117,191.8077766537407,120369.5276490575,1.0414400166440043,0.276540622361948,"(39851, 40343)",2259.387097959184,-0.011957142857142859,0.43981224489795934,6.33943265306123,7.165475510204089,69.71020408163265,13.262877551020514,34.620693877551005,1
82.78846153846153,724.7386759581883,197.59507844958645,172.656306935328,272.691216768267,0.6730769230769231,0.6730769230769231,243.90243902439025,192.56492200293002,188.40710852152847,113978.8669218318,1.0220682410235409,0.0591926127619273,"(40343, 40835)",2291.0,-0.010057142857142857,0.5095979591836739,6.0810775510204005,6.926469387755105,70.86122448979593,13.23953061224475,34.041346938775504,1
89.88461538461539,667.5224646983312,194.512933759957,184.77867252170432,266.0519978118002,0.5822784810126582,0.5822784810126582,243.90243902439025,188.07649781436288,189.892242231328,112199.68160323982,0.9904380274010712,0.331517878285579,"(40835, 41327)",2322.612902040816,-0.002171428571428573,0.756644897959183,5.9297816326530635,6.757116326530613,76.06122448979592,13.24767346938772,34.78059183673468,1
84.41176470588233,710.8013937282233,224.83994153173072,210.6429033528957,297.74045750881646,0.5490196078431373,0.5490196078431373,243.90243902439025,210.0993078573773,226.74834225020942,149664.43655183798,0.9265748352221228,0.2816561380919808,"(41327, 41819)",2354.19354601227,-0.0109877300613497,0.6688220858895698,5.991807770961144,6.875425357873214,79.17382413087934,14.45057259713701,32.98505112474437,1
80.80291970802921,742.5474254742547,205.39073519237309,202.4546826359422,319.5230138008481,0.6621621621621622,0.6621621621621622,243.90243902439025,224.477700048116,177.81493090960998,125398.19985910482,1.262423233526022,0.2995536650390917,"(41819, 42311)",2385.8064539877305,-0.0027402862985684965,2.3101431492842552,5.8560245398773,6.581895705521469,77.85685071574642,15.759018404907913,29.395521472392634,1
80.09302325581395,749.1289198606273,203.31838969888724,193.75355166159287,295.5233217416471,0.6382978723404256,0.6382978723404256,243.90243902439025,208.9343242262314,200.11229356158637,131351.01559651273,1.044085400789882,0.30540179423554115,"(42311, 42803)",2417.387097959184,-0.00910612244897962,2.592612244897964,6.665173469387754,7.806787755102044,77.03061224489795,15.553142857142856,30.802306122448968,1
81.64655172413792,734.8748812163448,209.82572266935944,188.224990289272,321.1124822460406,0.7333333333333333,0.7333333333333333,243.90243902439025,226.98802615144254,191.0136605604997,136212.58924253102,1.1883339939425364,0.4776140524667882,"(42803, 43295)",2449.0,-0.005626530612244889,1.7637979591836732,6.360526530612242,7.294326530612245,76.2734693877551,15.432081632653079,30.239795918367342,1
84.59288537549405,709.2795065881695,204.67297166744027,179.21943179419102,294.540177768078,0.7083333333333334,0.7083333333333334,243.90243902439025,208.25758201551082,196.69586441577167,128690.33257744087,1.0587796679613974,0.3244383161651391,"(43295, 43787)",2480.612902040816,-0.004575510204081632,1.4855346938775518,6.618567346938781,7.5473510204081675,75.84693877551021,15.357000000000058,29.554285714285733,1
82.76635514018692,724.9322493224935,203.1390833409885,188.26109043517337,304.40864426994284,0.6923076923076923,0.6923076923076923,243.90243902439025,215.223863173236,198.4168958568243,134158.73241363998,1.0847053233235713,0.5561521939245168,"(43787, 44279)",2512.193546012269,-0.004635991820040896,1.9007177914110431,6.161155419222907,7.0219836400818005,71.5562372188139,15.314069529652386,29.067218813905896,1
85.06542056074764,705.3394858272908,202.7495912884601,176.60583371831382,290.45716884812094,0.7090909090909091,0.7090909090909091,243.90243902439025,205.28846118142278,197.47622242316916,127358.87756173991,1.039560402069637,0.07671358981243527,"(44279, 44771)",2543.80645398773,-0.003871165644171783,2.9763047034764805,5.980744376278119,7.250777096114513,75.6114519427403,15.231533742331242,27.984580777096106,1
86.22680412371132,695.83931133429,201.75553960437927,186.64343712546219,276.55937049455656,0.6122448979591837,0.6122448979591837,243.90243902439025,195.5253294315814,193.74316033876124,119008.85550403318,1.0091986168167386,0.3808073115003808,"(44771, 45263)",2575.387097959184,0.0032000000000000023,1.9738714285714285,6.558714285714278,7.721883673469387,75.1734693877551,14.99389795918366,29.13555102040816,1
88.60169491525423,677.1879483500717,195.75389269223004,180.97043980168846,268.88898427537157,0.6153846153846154,0.6153846153846154,243.90243902439025,190.1147098070304,193.63701084338715,115652.21729599546,0.9818097737564976,0.6434894519904694,"(45263, 45755)",2607.0,-0.005359183673469396,1.2925204081632649,6.731557142857139,7.972583673469387,75.24285714285716,14.787877551020394,26.98851020408165,1
85.81395348837208,699.1869918699189,201.45547468884342,200.1715087058513,298.71826131502183,0.6136363636363636,0.6136363636363636,243.90243902439025,211.0801858609731,203.9730542458326,135260.2356056925,1.034843482838546,0.2386179249785244,"(45755, 46247)",2638.612902040816,0.0011204081632653078,1.0993061224489795,6.295424489795914,6.977397959183674,75.92857142857143,14.834061224489783,28.02093877551021,1
86.59199999999996,692.9046563192908,204.34931919253617,184.41862633417455,279.1440936871619,0.6338028169014085,0.6338028169014085,243.90243902439025,197.36973441735802,202.27150944713887,125419.52302646665,0.975766359567006,0.22983976884686105,"(46247, 46739)",2670.19354601227,-0.0705644171779141,0.9622801635991824,6.108355828220862,6.595186094069536,76.77505112474438,14.66811860940692,27.09343558282207,1
82.82000000000002,724.462690171456,215.58767564033462,188.39048398265774,270.3816306881797,0.5783132530120482,0.5783132530120482,243.90243902439025,191.1435129938221,233.52034755314517,140227.8142284085,0.8185304406945573,0.20520116554262027,"(46739, 47231)",2701.8064539877305,0.07212474437627825,2.475685071574645,6.012893660531697,7.0798834355828175,84.7566462167689,14.564948875255652,31.47848670756646,1
86.75362318840577,691.6137654527232,213.67560247670545,201.24590683184533,293.33550941607564,0.5892857142857143,0.5892857142857143,243.90243902439025,207.21365235828014,218.617688265613,142315.93683359632,0.9478357126643964,0.4362050163576881,"(47231, 47723)",2733.387097959184,0.0039612244897959175,2.508536734693878,6.055657142857145,7.054165306122444,79.10408163265306,15.492959183673454,29.917265306122466,1
88.35918367346935,679.0465631929047,206.20172008265925,185.68519295434464,279.61536791273704,0.6285714285714286,0.6285714285714286,243.90243902439025,197.16452056857295,211.36935035683769,130924.41810598977,0.9327961704746508,0.10051598204114456,"(47723, 48215)",2765.0000000000005,0.004540816326530611,1.457538775510204,5.502838775510208,6.257493877551018,69.4265306122449,14.996346938775456,30.141877551020414,1
89.25663716814155,672.2189173111245,199.97306738812148,176.41977132778518,256.89481015781587,0.59375,0.59375,243.90243902439025,181.15167002896544,204.07409657759587,116139.5388873926,0.8876759621478244,0.2542588354945335,"(48215, 48707)",2796.612902040816,0.004383673469387757,1.357506122448982,5.472561224489787,6.131597959183671,70.72857142857143,14.920489795918375,29.303857142857137,1
88.188679245283,680.3594351732993,200.38287503582538,171.92549566122997,263.0604332846952,0.6428571428571429,0.6428571428571429,243.90243902439025,185.97851361144257,206.31539846752324,120543.63627269707,0.9014281774063414,0.25813779395441283,"(48707, 49199)",2828.1935460122704,-0.008484662576687112,1.2575725971370142,5.171525562372187,5.87048670756646,74.03680981595092,14.81134969325157,30.132474437627828,1
81.99999999999999,731.7073170731709,215.76871632423976,190.58426798483475,301.75101177158143,0.6734693877551021,0.6734693877551021,243.90243902439025,213.1087568801159,196.53645617122586,131581.33527806893,1.0843217641741338,0.4559963520291838,"(49199, 49691)",2859.8064539877305,0.004415132924335374,1.1750061349693257,4.858384458077707,5.4847484662576615,72.4601226993865,14.676134969325108,31.000163599182024,1
82.0,731.7073170731708,216.357445157436,192.39283847478424,310.6499703177692,0.6888888888888889,0.6888888888888889,243.90243902439025,216.9376270589648,207.2417809680777,141241.41957918846,1.0467851899631213,0.3139647013971429,"(49691, 50183)",2891.387097959184,0.004840816326530609,1.5653591836734684,4.972108163265307,5.443914285714286,71.95102040816326,14.567122448979568,30.078897959183685,1
72.16,831.4855875831487,119.91855683361388,121.8536194809444,168.9805665920857,0.48,0.48,0.0,118.68804937167263,98.5317554962154,36739.48679765483,1.2045664747770726,0.218842324105482,"(50183, 50675)",2923.0000000000005,0.0024816326530612298,1.8440510204081624,4.675314285714284,5.243640816326526,72.47142857142858,14.46977551020398,29.165040816326517,1
82.92134831460673,723.5772357723578,197.31156259368453,178.2894339048214,310.7424669612713,0.7536231884057971,0.7536231884057971,243.90243902439025,219.72810559095169,156.97139138334762,108356.75534351404,1.3997971455470044,0.6148359924990008,"(50675, 51167)",2954.612902040817,-0.004602040816326533,2.3913979591836747,5.2827306122448965,6.036691836734692,73.63469387755102,14.416306122449024,28.597612244897967,1
82.0,731.7073170731708,199.14550754334786,185.82994979828797,299.62210078241907,0.6909090909090909,0.6909090909090909,243.90243902439025,211.65586809368907,178.59894071487602,118756.95816684116,1.1850902768319704,0.2981514609421586,"(51167, 51659)",2986.1935460122704,0.003357873210633945,1.1291206543967274,6.286196319018407,6.617822085889572,73.3762781186094,14.358139059304644,28.925501022494906,1
84.02469135802467,714.0758154569501,192.24716113777404,182.29056010825303,269.2610020221905,0.609375,0.609375,243.90243902439025,190.31998459121604,199.9219062287196,119534.88020452824,0.9519716382329884,0.2702291881301829,"(51659, 52151)",3017.80645398773,0.0013783231083844588,0.9670122699386509,5.764089979550094,6.09126993865031,71.49897750511249,14.350633946830277,28.862740286298568,1
82.64822134387352,725.9684361549498,201.39302318928654,187.18544058511017,290.42937789280234,0.6567164179104478,0.6567164179104478,243.90243902439025,205.3484495984049,188.03307710440419,121304.12070931455,1.092086843233366,0.2757636219118529,"(52151, 52643)",3049.387097959184,-0.00023877551020408072,0.4877244897959182,5.290242857142862,5.671544897959183,73.50408163265304,14.320081632653075,30.408285714285746,1
82.61886792452829,726.2263633872294,200.18615914222718,180.0493629843967,292.5158226610196,0.6986301369863014,0.6986301369863014,243.90243902439025,206.50233398412888,188.6481017506596,122384.74205194325,1.0946430526879491,0.3561970544052284,"(52643, 53135)",3081.0,0.002422448979591835,0.5558591836734702,4.999177551020408,5.557138775510203,70.57755102040817,14.291755102040884,28.587795918367338,1
84.70754716981129,708.3194119612431,194.30325891812512,181.5695685839366,296.8685948537486,0.7037037037037037,0.7037037037037037,243.90243902439025,209.82058987058602,177.70836109219516,117140.16676117376,1.1807018453213407,0.1935921014422612,"(53135, 53627)",3112.612902040816,0.0009122448979591816,1.2433428571428573,4.906544897959186,5.693334693877553,70.58163265306122,14.25324489795922,28.24808163265309,1
89.71764705882352,668.7647521636508,208.26206867130156,193.92116395329705,299.3641393908308,0.6493506493506493,0.6493506493506493,0.0,211.68241300733126,210.92267107490014,140267.77649408788,1.003601992751938,0.3541133484636309,"(53627, 54119)",3144.1935460122704,-0.0025316973415132962,0.5030756646216764,4.615047034764818,5.140296523517384,71.50306748466258,14.193803680981526,29.29701431492844,1
84.02469135802468,714.0758154569497,229.62356268687992,218.90913850140262,298.71826131502183,0.5,0.5,243.90243902439025,211.20954403819007,243.52419774377827,161586.67072637295,0.8673041364883676,0.25333986387204643,"(54119, 54611)",3175.80645398773,-0.0003987730061349713,0.9605869120654402,5.083584867075662,5.376302658486709,74.23108384458078,17.234069529652373,27.74034764826176,1
80.93506493506493,741.3350449293969,183.20812549668918,190.34087529096885,302.90806286436333,0.6779661016949152,0.6779661016949152,243.90243902439025,214.16839763519832,172.44029445733125,116022.97997852464,1.241985803313461,0.3197839681637293,"(54611, 55103)",3207.387097959184,-0.006771428571428561,2.399828571428573,5.727255102040815,6.735316326530602,82.5530612244898,20.397367346938747,32.30602040816326,1
79.26666666666667,756.9386038687973,188.6887431507019,178.4344749326081,302.20400660236453,0.7323943661971831,0.7323943661971831,243.90243902439025,213.3450711813705,158.9520481107424,106536.54658727924,1.3421976861394849,0.28878452114966635,"(55103, 55595)",3239.0000000000005,0.017246938775510208,1.086148979591837,6.051304081632656,6.766728571428566,77.9469387755102,19.58024489795916,35.95479591836732,1
85.121107266436,704.8780487804878,206.6560480343441,198.95751842269482,296.9133006133356,0.6144578313253012,0.6144578313253012,243.90243902439025,209.8568447999662,208.82560099253448,137675.5282820418,1.0049383016379712,0.29822767552828905,"(55595, 56087)",3270.612902040817,-0.008046938775510206,0.6578795918367334,5.341712244897959,5.915402040816331,77.87142857142857,19.444755102040702,38.42485714285719,1
79.22033898305081,757.3812580231067,207.78451933554103,189.04766015970586,318.65427099197035,0.7241379310344828,0.7241379310344828,243.90243902439025,225.30297445075985,179.12930297517968,126789.54227735355,1.2577672703944929,0.2956110454197677,"(56087, 56579)",3302.1935460122704,-0.0016134969325153385,1.4686952965235174,5.05340490797546,5.9415623721881445,72.93047034764827,19.33353783231085,36.959447852760746,1
84.43220338983049,710.6293285155075,199.87265010871536,183.83760815841976,267.5294020546379,0.59375,0.59375,243.90243902439025,188.69140492648063,195.34735337445582,115800.25678377063,0.9659276241372128,0.2956367493869885,"(56579, 57071)",3333.8064539877305,-0.0010429447852760695,0.4647873210633948,4.7490940695296535,5.5686196319018455,76.59304703476481,19.21069529652345,38.37167689161555,1
80.44106463878329,745.8876914350537,187.28833784570682,171.06473853040455,303.7270603144069,0.7681159420289855,0.7681159420289855,243.90243902439025,214.40353742129025,158.98823714421368,107089.48082250996,1.3485496868979745,0.4525169303748088,"(57071, 57563)",3365.387097959184,-0.004518367346938774,0.7061224489795919,5.4334326530612245,5.845726530612242,74.2530612244898,18.93204081632649,35.750530612244894,1
81.63716814159292,734.959349593496,201.1008108454024,166.7547288422454,310.2628674006529,0.8,0.8,243.90243902439025,219.187199224078,160.3213080490042,110396.75489975816,1.3671744691421843,0.3450217000490293,"(57563, 58055)",3397.0,-0.0061387755102040795,1.6046163265306137,4.885604081632655,5.4431795918367305,74.9795918367347,18.745571428571232,37.53083673469392,1
80.80291970802918,742.5474254742551,202.14695066635792,181.2788398154252,296.01487302989733,0.7027027027027027,0.7027027027027027,243.90243902439025,208.6773762108638,197.4426170422417,129439.29505473055,1.0569013890563377,0.2695982985351825,"(58055, 58547)",3428.612902040816,-0.0026244897959183692,1.833679591836735,4.589197959183674,5.144504081632651,74.06938775510204,18.765367346938845,36.162367346938794,1
84.49565217391304,710.0957085520223,209.66874771657487,193.0155854473544,276.81966172440195,0.576271186440678,0.576271186440678,243.90243902439025,195.39152208510086,215.12380043419083,132051.71635573436,0.9082747780149676,0.07137631377027533,"(58547, 59039)",3460.1935460122704,-0.016568507157464194,2.073010224948875,4.750957055214723,5.2855971370143084,75.13905930470348,18.82656441717789,34.80429447852757,1
82.83673469387755,724.3163340724318,191.31085152320446,175.2163387651449,290.6180296683905,0.7160493827160493,0.7160493827160493,243.90243902439025,205.22203205526932,162.85236113206818,104994.83028065463,1.2601722850603356,0.32106313776400464,"(59039, 59531)",3491.80645398773,0.004437627811860935,2.352114519427402,5.848282208588952,5.9816850715746375,81.77709611451942,18.847361963190227,35.524785276073644,1
80.27368421052633,747.4429583005507,211.01801930124776,191.23405307389493,302.10904257821096,0.6712328767123288,0.6712328767123288,243.90243902439025,213.5710900701221,197.55089206942182,132547.43630309516,1.081094030165506,0.4463835730845105,"(59531, 60023)",3523.387097959184,-0.015397959183673468,3.665348979591839,5.702079591836734,6.162632653061228,76.56122448979592,18.93042857142848,33.40826530612242,1
73.58974358974358,815.3310104529618,115.77176115565264,121.95121951219515,172.46506858208485,0.5,0.5,0.0,110.43152607484659,86.23253429104237,29916.72823370284,1.2806248474865702,0.3507172167081682,"(60023, 60515)",3555.0000000000005,1.42857142857109e-05,3.8603510204081615,5.8217387755102035,6.616814285714289,76.84489795918367,18.980530612244888,34.292734693877556,1
82.24924012158054,729.490022172949,193.1593496653853,188.0977820827811,262.837027356256,0.5483870967741935,0.5483870967741935,243.90243902439025,185.8168327712389,199.55953191446946,116495.03134893836,0.9311348397573884,0.17463762692413246,"(60515, 61007)",3586.612902040817,-0.011844897959183674,3.3634571428571465,5.222385714285709,5.883791836734691,77.18367346938777,19.03879591836736,34.282367346938784,1
81.33061224489796,737.7295995182175,209.83139283570424,196.25599374365453,331.1823320487871,0.71875,0.71875,243.90243902439025,233.93306788449402,185.37174553377,136233.84950971973,1.261967228127964,0.3182632874922528,"(61007, 61499)",3618.1935460122704,-0.002503067484662575,1.1230899795501021,5.227251533742331,5.978562372188137,77.5316973415133,19.04991820040898,33.14417177914111,1
73.48051948051946,816.5429480381763,116.16597189929294,0.0,0.0,0.0,0.0,0.0,0.0,0.0,0.0,,0.10658140154543032,"(61499, 61991)",3649.8064539877296,-0.0018323108384458151,0.7745153374233138,4.779635991820042,5.517034764826174,76.59100204498978,19.02832310838445,31.99490797546012,1
84.30985915492955,711.6605412629469,192.5719806346751,198.6056480165257,295.65440328357386,0.6122448979591837,0.6122448979591837,243.90243902439025,207.15432599984882,177.66618514260574,115624.17767612221,1.1659749762374536,0.4431684618200736,"(61991, 62483)",3681.387097959184,-0.00462653061224491,1.8106102040816312,4.514055102040814,5.259661224489797,77.22857142857143,19.019510204081648,33.24526530612246,1
84.82758620689654,707.3170731707318,209.81281139128362,178.86157629420373,289.287177129738,0.6949152542372882,0.6949152542372882,243.90243902439025,204.5360376494912,203.3629413187076,130674.7042033676,1.0057684862501328,0.3714973110670817,"(62483, 62975)",3713.0,-0.006146938775510211,2.174822448979593,4.439636734693875,5.259900000000001,74.75102040816326,19.02295918367353,33.18687755102043,1
83.48014440433212,718.7337830825118,208.5634298298764,184.5802804178229,290.75100520939986,0.6710526315789473,0.6710526315789473,243.90243902439025,205.54190579725181,208.57608227563446,134683.6127794809,0.9854529031072078,0.35558716330340473,"(62975, 63467)",3744.612902040817,-0.006491836734693879,2.5573938775510223,4.674071428571429,5.889197959183678,75.88775510204081,19.02946938775511,33.59442857142854,1
74.62921348314606,803.9747064137308,111.37152670223992,114.97671238805654,199.1455075433479,0.6666666666666666,0.6666666666666666,0.0,81.30081300813009,81.30081300813008,20765.368851806423,1.0000000000000004,0.4610632117663332,"(63467, 63959)",3776.1935460122704,-0.007132924335378326,2.0060327198363996,4.728022494887524,6.0596155419222955,73.28220858895706,18.963374233128807,34.123742331288355,1
88.20717131474102,680.2168021680218,183.58308460097507,166.10398356216538,249.00199621326175,0.6197183098591549,0.6197183098591549,243.90243902439025,175.80270122877343,182.45649913967026,100770.81107992562,0.9635321408540052,0.06540864048140757,"(63959, 64451)",3807.8064539877296,0.011120654396728009,2.098051124744375,4.639654396728012,5.565881390593053,75.50511247443762,18.981104294478637,36.567934560327174,1
75.3061224489796,796.7479674796747,107.85771675952525,121.95121951219515,172.46506858208485,0.5,0.5,0.0,121.3274240172833,86.23253429104237,32868.50866445693,1.4069796859708723,0.041872539988275684,"(64451, 64943)",3839.387097959184,-0.01282040816326532,2.1796183673469383,4.500591836734699,5.4908020408163285,69.56530612244897,18.99524489795921,35.9919387755102,1
81.07865168539325,740.0221729490022,185.49149536310568,140.3373516096931,223.70917867895733,0.6507936507936508,0.6507936507936508,243.90243902439025,158.1625878111924,193.22461809473918,96009.91660387065,0.8185426338047895,0.0768521364893944,"(64943, 65435)",3871.0,-0.043510204081632614,1.9134714285714287,9.092585714285713,13.830869387755095,100.75510204081631,18.932163265306112,33.82177551020407,1
84.10256410256406,713.4146341463417,179.9555434557769,147.76302660006425,218.6393797562916,0.5892857142857143,0.5892857142857143,243.90243902439025,152.096429357441,184.14127314119958,87987.30846185047,0.8259768533305047,0.5437070296057247,"(65435, 65927)",3902.612902040817,0.07823673469387768,0.9634428571428576,6.323222448979597,9.102091836734694,83.57142857142857,18.909163265306155,36.238081632653056,1
85.77631578947367,699.4937873907041,183.7318433288277,144.73582471338037,231.09383132678312,0.6590909090909091,0.6590909090909091,243.90243902439025,163.39626220860697,181.99005923366764,93419.95561122648,0.8978306996362532,0.2565141082759551,"(65927, 66419)",3934.1935460122704,-0.036292433537832326,1.1452719836400822,6.456895705521469,8.973899795501016,75.10429447852759,18.95789366053172,35.32711656441718,1
76.62295081967211,783.0551989730425,99.43474573061407,120.7004047086326,159.6716270019457,0.42857142857142855,0.42857142857142855,0.0,110.18389059820142,85.34807466143477,29543.483659922636,1.2909944487358065,0.5381769256643122,"(66419, 66911)",3965.8064539877296,0.01898364008179954,2.9500061349693234,6.912891615541925,9.818325153374227,79.12269938650307,18.8474028629857,30.72676891615543,1
74.67857142857143,803.4433285509326,111.13295111068632,119.48730452600871,154.25744683748198,0.4,0.4,0.0,84.49028329604282,84.49028329604279,22426.598359950938,1.0000000000000004,0.21982853374367994,"(66911, 67403)",3997.387097959184,-0.0007387755102040803,1.5217367346938784,6.3069816326530574,8.890500000000003,74.7,18.84108163265301,33.54699999999999,1
88.55999999999997,677.5067750677508,180.98436701424396,141.08352657499896,218.96546402362682,0.6268656716417911,0.6268656716417911,243.90243902439025,154.48922587493954,189.75191161153478,92094.61347433557,0.8141642661878108,0.2791003119356428,"(67403, 67895)",4029.0,-0.008865306122448971,1.7924693877551003,5.754224489795915,7.652193877551024,73.32857142857142,18.79371428571429,31.47873469387755,1
77.44444444444444,774.7489239598281,92.98049782507694,121.95121951219515,172.46506858208485,0.5,0.5,0.0,121.95121951219515,86.23253429104237,33037.499540142526,1.4142135623730956,0.4559616992172657,"(67895, 68387)",4060.612902040816,-0.006404081632653064,3.7969857142857184,5.509042857142855,7.781363265306123,83.94285714285714,18.52691836734695,29.47244897959182,1
73.8,813.0081300813008,114.97671238805657,121.19609634145205,181.79414451217806,0.5555555555555556,0.5555555555555556,0.0,127.11153820659705,85.69858157637886,34222.24379172228,1.4832396974191329,0.293100416202591,"(68387, 68879)",4092.1935460122704,0.003308793456032728,2.637419222903884,5.0521820040899765,7.057000000000001,81.8077709611452,21.439754601227023,35.2550920245399,1
87.99999999999996,681.818181818182,195.11880162747278,156.1419504917865,248.86367456780587,0.6712328767123288,0.6712328767123288,243.90243902439025,174.38006482726212,199.91012765321202,109516.99124941774,0.8722922989162539,0.300320341697811,"(68879, 69371)",4123.80645398773,-0.004128834355828225,0.23306134969325096,4.406124744376278,5.6069488752556245,71.90593047034764,19.57222903885489,36.19075664621676,1
83.02499999999998,722.6738934056009,197.08603639811597,152.31702435118046,267.18173536837367,0.75,0.75,243.90243902439025,188.83853088352743,190.66730730989556,113114.09341250994,0.9904085474737638,0.2394021785598249,"(69371, 69863)",4155.387097959184,-0.0039040816326530634,0.1765571428571425,3.9927000000000015,4.874136734693882,65.58367346938776,19.33965306122461,35.64063265306125,1
80.75757575757575,742.9643527204504,193.3823448664184,134.46704017163586,216.8809335712441,0.6511627906976745,0.6511627906976745,243.90243902439025,152.5165020958452,214.7191517952093,102881.54840997768,0.7103069326638801,0.16581341845088815,"(69863, 70355)",4187.0,0.0008632653061224469,0.17193265306122424,3.674985714285712,4.401408163265304,63.23265306122449,19.192367346938678,35.4546326530612,1
85.28,703.5647279549719,191.25614363193284,145.08865872466131,227.22552960199747,0.6415094339622641,0.6415094339622641,243.90243902439025,159.48203820675062,191.35409927558027,95873.68503554976,0.8334393609047864,0.3830578964649228,"(70355, 70847)",4218.612902040817,0.0011244897959183677,0.17152040816326505,3.40489591836735,4.0910714285714285,62.26122448979592,19.08777551020401,35.12179591836737,1
73.8,813.0081300813008,114.97671238805654,121.95121951219515,172.46506858208485,0.5,0.5,0.0,86.2325342910424,86.23253429104237,23361.039958282232,1.0000000000000002,0.10258514567090686,"(70847, 71339)",4250.19354601227,-0.004235173824130877,0.1706789366053166,3.206004089979553,3.862842535787325,66.75460122699387,18.995787321063343,35.90830265848668,1
84.5360824742268,709.7560975609756,195.4113707215053,128.1200406471757,229.205606780178,0.7272727272727273,0.7272727272727273,243.90243902439025,162.07283884024113,198.3208849223761,100978.41825157568,0.817225270569347,0.1551393433374704,"(71339, 71831)",4281.80645398773,0.0037750511247443717,0.17029038854805684,3.0665255623721905,3.6660858895705486,67.86707566462168,18.928650306748377,35.26725971370143,1
81.99999999999999,731.7073170731709,208.0006988835224,168.8525433360639,258.69760287312715,0.6428571428571429,0.6428571428571429,243.90243902439025,182.900902426795,213.52571239991775,122691.90240204988,0.8565755401121679,0.19542700801250731,"(71831, 72323)",4313.387097959183,-0.00978367346938776,0.1659999999999998,2.922210204081632,3.5107877551020406,69.2591836734694,18.8614489795919,35.36314285714288,1
82.78846153846153,724.7386759581883,197.59507844958645,161.78657513928786,253.47084988812838,0.66,0.66,243.90243902439025,179.09814390913,198.14727816185268,111488.24236939783,0.903863760181642,0.19730870920642435,"(72323, 72815)",4344.999999999999,0.006367346938775506,0.16625918367346926,2.808106122448975,3.397597959183675,62.62857142857143,18.808571428571558,35.03542857142857,1
81.12765957446805,739.5751376868608,180.44602582501517,151.07271334452784,247.31382762152282,0.6901408450704225,0.6901408450704225,243.90243902439025,174.72538613575432,178.79785200512688,98144.99985024377,0.9772230716213764,0.07276431637924761,"(72815, 73307)",4376.612902040816,-0.0006591836734693862,0.16838979591836692,2.721012244897958,3.3154020408163314,65.28367346938775,18.756224489795887,35.355877551020434,1
85.26136363636363,703.7185125949621,193.0030929411783,159.62412688874173,243.90243902439025,0.6341463414634146,0.6341463414634146,243.90243902439025,172.00276376919646,190.91976842214413,103165.90609385856,0.9009164697334006,0.2331926404402677,"(73307, 73799)",4408.1935460122695,0.0010593047034764783,0.16727811860940667,2.6449836400817976,3.2550613496932503,65.44171779141104,18.708220858895608,35.273946830265864,1
72.68181818181817,825.515947467167,118.65957449037073,82.91088639988271,227.06081371982026,0.8666666666666667,0.8666666666666667,0.0,160.1440292974977,58.62685000754455,29495.596564057716,2.73158167762534,0.4662874195654201,"(73799, 74291)",4439.80645398773,-0.005889570552147244,0.17011042944785226,2.572646216768914,3.1905214723926294,64.96319018404908,18.66406952965228,35.141308793456055,1
82.93181818181817,723.4858865442587,198.41506560589698,160.7826287852049,270.5854615732825,0.7230769230769231,0.7230769230769231,243.90243902439025,191.03822981400157,198.20056504681816,118952.90324981169,0.9638631946829984,0.04663671553158083,"(74291, 74783)",4471.387097959183,0.00695102040816327,0.16993673469387746,2.5079469387755178,3.1352755102040786,64.23877551020408,18.62073469387753,33.95969387755102,1
70.88135593220338,846.4849354375897,121.7400484108834,90.89707225608903,222.65144614031155,0.8333333333333334,0.8333333333333334,0.0,131.722371918859,64.27393618228413,26597.714032681437,2.0493901531919207,0.4172751929897768,"(74783, 75275)",4503.000000000001,-0.00024897959183674045,0.17019183673469354,2.4624408163265348,3.107583673469384,68.79183673469387,18.581612244897865,34.09632653061223,1
82.0,731.7073170731708,187.06463142618801,160.7826287852049,270.58546157328254,0.7230769230769231,0.7230769230769231,243.90243902439025,190.66935858780488,169.06386980966326,101270.18046297225,1.1277948316365034,0.6276655669107589,"(75275, 75767)",4534.612902040818,-0.004083673469387759,0.17018163265306108,2.413593877551011,3.0653244897959215,68.80408163265308,18.54746938775516,34.03163265306124,1
82.70689655172411,725.4534083802379,187.19986925698268,149.8257715020248,230.70861046997985,0.631578947368421,0.631578947368421,243.90243902439025,162.88289525609142,199.19147303906516,101928.60871495232,0.8177202205043539,0.6368300017689722,"(75767, 76259)",4566.1935460122695,-0.003611451942740288,0.1683312883435579,2.3656319018404983,3.0216543967280134,64.06748466257669,18.51257668711666,33.42092024539877,1
77.3142857142857,776.0532150776054,94.07185559022808,0.0,243.90243902439036,1.0,1.0,0.0,0.0,0.0,0.0,,0.23449407902450464,"(76259, 76751)",4597.8064539877305,0.01012678936605317,0.1678793456032715,2.3245071574641973,2.9779406952965117,63.67075664621677,18.48627811860924,33.670879345603296,1
83.56488549618321,718.0049328583176,184.1225215921165,135.50071358549934,228.4004171637254,0.6923076923076923,0.6923076923076923,243.90243902439025,160.43195742162814,188.36623486695888,94938.81617738852,0.8517023103155382,0.4229389558107113,"(76751, 77243)",4629.387097959183,-0.0018428571428571495,0.4202061224489794,2.297214285714285,2.9442816326530665,64.62040816326531,18.45820408163268,33.830816326530645,1
72.35294117647058,829.2682926829269,119.48730452600874,100.07948861564512,216.1964049824192,0.7857142857142857,0.7857142857142857,0.0,152.37679167714202,70.76688505780453,33876.518983978865,2.153221687695821,0.2413709872073377,"(77243, 77735)",4661.0,-0.002577551020408163,0.3031897959183668,2.3623408163265345,2.9607285714285765,75.85918367346939,18.429530612244946,35.906632653061216,1
76.31927710843372,786.1709685058017,206.54475479381043,194.77944054876218,325.9283437956395,0.7142857142857143,0.7142857142857143,243.90243902439025,229.88008609627744,188.80102447164765,136350.13439559922,1.2175785949233482,0.4202459674927384,"(77735, 78227)",4692.612902040816,0.0006612244897959144,0.18734081632653027,2.4155632653061065,2.974995918367327,67.46326530612245,18.403142857142672,35.6387551020408,1
61.49999999999999,975.6097560975612,188.92601688816674,114.97671238805657,344.9301371641696,1.0,1.0,243.90243902439036,243.90243902439036,140.817138826738,107900.0216677108,1.732050807568878,0.3076923076923077,"(78227, 78367)",4724.1935460122695,0.0012985685071574633,0.1876237218813904,2.394431492842529,2.9886257668711735,65.33128834355828,18.383415132924398,34.69196319018404,1
